{
  "run": [
    {
      "filePath": "/PSINDS/FLM_FILES/Component.js",
      "previewMode": 1,
      "dataMode": 1,
      "workspace": "withoutWorkspace",
      "ui5ActiveVersion": null,
      "ui5VerSource": null,
      "isDefaultVersion": 0,
      "urlParameters": [],
      "hashParameter": "",
      "backendSystem": [],
      "_metadata": {
        "runnerId": "fiorirunner",
        "id": 5841681,
        "displayName": "Run Component.js 1",
        "lastRunTimeStamp": 1487054266650,
        "hasIssues": true
      }
    },
    {
      "filePath": "/PSINDS/FLM_FILES/Component.js",
      "previewMode": 1,
      "dataMode": 1,
      "workspace": "withoutWorkspace",
      "ui5ActiveVersion": null,
      "ui5VerSource": null,
      "isDefaultVersion": 0,
      "urlParameters": [],
      "hashParameter": "",
      "backendSystem": [],
      "_metadata": {
        "runnerId": "fiorirunner",
        "id": 4182201,
        "displayName": "Run Component.js",
        "lastRunTimeStamp": 1486718716156,
        "hasIssues": true
      }
    }
  ]
}